<?xml version="1.0" encoding="UTF-8" ?>
<!-- This is a WordPress eXtended RSS file generated by WordPress as an export of your site. -->
<!-- It contains information about your site's posts, pages, comments, categories, and other content. -->
<!-- You may use this file to transfer that content from one site to another. -->
<!-- This file is not intended to serve as a complete backup of your site. -->

<!-- To import this information into a WordPress site follow these steps: -->
<!-- 1. Log in to that site as an administrator. -->
<!-- 2. Go to Tools: Import in the WordPress admin panel. -->
<!-- 3. Install the "WordPress" importer from the list. -->
<!-- 4. Activate & Run Importer. -->
<!-- 5. Upload this file using the form provided on that page. -->
<!-- 6. You will first be asked to map the authors in this export file to users -->
<!--    on the site. For each author, you may choose to map to an -->
<!--    existing user on the site or to create a new user. -->
<!-- 7. WordPress will then import each of the posts, pages, comments, categories, etc. -->
<!--    contained in this file into your site. -->

<!-- generator="WordPress/4.8" created="2017-07-01 13:52" -->
<rss version="2.0"
	xmlns:excerpt="http://wordpress.org/export/1.2/excerpt/"
	xmlns:content="http://purl.org/rss/1.0/modules/content/"
	xmlns:wfw="http://wellformedweb.org/CommentAPI/"
	xmlns:dc="http://purl.org/dc/elements/1.1/"
	xmlns:wp="http://wordpress.org/export/1.2/"
>

<channel>
	<title>Folie - The Website Builder - Scroll Story Slider Template</title>
	<link>http://codeless.co/folie/scroll-story</link>
	<description>Just another WordPress site</description>
	<pubDate>Sat, 01 Jul 2017 13:52:55 +0000</pubDate>
	<language>en-US</language>
	<wp:wxr_version>1.2</wp:wxr_version>
	<wp:base_site_url>http://codeless.co/folie/scroll-story</wp:base_site_url>
	<wp:base_blog_url>http://codeless.co/folie/scroll-story</wp:base_blog_url>

	<wp:author><wp:author_id>1</wp:author_id><wp:author_login><![CDATA[admin]]></wp:author_login><wp:author_email><![CDATA[ludjon.roshi@gmail.com]]></wp:author_email><wp:author_display_name><![CDATA[admin]]></wp:author_display_name><wp:author_first_name><![CDATA[]]></wp:author_first_name><wp:author_last_name><![CDATA[]]></wp:author_last_name></wp:author>

	<wp:category>
		<wp:term_id>1</wp:term_id>
		<wp:category_nicename><![CDATA[uncategorized]]></wp:category_nicename>
		<wp:category_parent><![CDATA[]]></wp:category_parent>
		<wp:cat_name><![CDATA[Uncategorized]]></wp:cat_name>
	</wp:category>

	<generator>https://wordpress.org/?v=4.8</generator>

	<item>
		<title>Hello world!</title>
		<link>http://codeless.co/folie/scroll-story/?p=1</link>
		<pubDate>Thu, 29 Jun 2017 19:04:16 +0000</pubDate>
		<dc:creator><![CDATA[admin]]></dc:creator>
		<guid isPermaLink="false">http://codeless.co/folie/scroll-story/?p=1</guid>
		<description></description>
		<content:encoded><![CDATA[Welcome to WordPress. This is your first post. Edit or delete it, then start writing!]]></content:encoded>
		<excerpt:encoded><![CDATA[]]></excerpt:encoded>
		<wp:post_id>1</wp:post_id>
		<wp:post_date><![CDATA[2017-06-29 19:04:16]]></wp:post_date>
		<wp:post_date_gmt><![CDATA[2017-06-29 19:04:16]]></wp:post_date_gmt>
		<wp:comment_status><![CDATA[open]]></wp:comment_status>
		<wp:ping_status><![CDATA[open]]></wp:ping_status>
		<wp:post_name><![CDATA[hello-world]]></wp:post_name>
		<wp:status><![CDATA[publish]]></wp:status>
		<wp:post_parent>0</wp:post_parent>
		<wp:menu_order>0</wp:menu_order>
		<wp:post_type><![CDATA[post]]></wp:post_type>
		<wp:post_password><![CDATA[]]></wp:post_password>
		<wp:is_sticky>0</wp:is_sticky>
		<category domain="category" nicename="uncategorized"><![CDATA[Uncategorized]]></category>
		<wp:comment>
			<wp:comment_id>1</wp:comment_id>
			<wp:comment_author><![CDATA[A WordPress Commenter]]></wp:comment_author>
			<wp:comment_author_email><![CDATA[wapuu@wordpress.example]]></wp:comment_author_email>
			<wp:comment_author_url>https://wordpress.org/</wp:comment_author_url>
			<wp:comment_author_IP><![CDATA[]]></wp:comment_author_IP>
			<wp:comment_date><![CDATA[2017-06-29 19:04:16]]></wp:comment_date>
			<wp:comment_date_gmt><![CDATA[2017-06-29 19:04:16]]></wp:comment_date_gmt>
			<wp:comment_content><![CDATA[Hi, this is a comment.
To get started with moderating, editing, and deleting comments, please visit the Comments screen in the dashboard.
Commenter avatars come from <a href="https://gravatar.com">Gravatar</a>.]]></wp:comment_content>
			<wp:comment_approved><![CDATA[1]]></wp:comment_approved>
			<wp:comment_type><![CDATA[]]></wp:comment_type>
			<wp:comment_parent>0</wp:comment_parent>
			<wp:comment_user_id>0</wp:comment_user_id>
		</wp:comment>
	</item>
	<item>
		<title>Sample Page</title>
		<link>http://codeless.co/folie/scroll-story/?page_id=2</link>
		<pubDate>Thu, 29 Jun 2017 19:04:16 +0000</pubDate>
		<dc:creator><![CDATA[admin]]></dc:creator>
		<guid isPermaLink="false">http://codeless.co/folie/scroll-story/?page_id=2</guid>
		<description></description>
		<content:encoded><![CDATA[This is an example page. It's different from a blog post because it will stay in one place and will show up in your site navigation (in most themes). Most people start with an About page that introduces them to potential site visitors. It might say something like this:

<blockquote>Hi there! I'm a bike messenger by day, aspiring actor by night, and this is my website. I live in Los Angeles, have a great dog named Jack, and I like pi&#241;a coladas. (And gettin' caught in the rain.)</blockquote>

...or something like this:

<blockquote>The XYZ Doohickey Company was founded in 1971, and has been providing quality doohickeys to the public ever since. Located in Gotham City, XYZ employs over 2,000 people and does all kinds of awesome things for the Gotham community.</blockquote>

As a new WordPress user, you should go to <a href="http://codeless.co/folie/scroll-story/wp-admin/">your dashboard</a> to delete this page and create new pages for your content. Have fun!]]></content:encoded>
		<excerpt:encoded><![CDATA[]]></excerpt:encoded>
		<wp:post_id>2</wp:post_id>
		<wp:post_date><![CDATA[2017-06-29 19:04:16]]></wp:post_date>
		<wp:post_date_gmt><![CDATA[2017-06-29 19:04:16]]></wp:post_date_gmt>
		<wp:comment_status><![CDATA[closed]]></wp:comment_status>
		<wp:ping_status><![CDATA[open]]></wp:ping_status>
		<wp:post_name><![CDATA[sample-page]]></wp:post_name>
		<wp:status><![CDATA[publish]]></wp:status>
		<wp:post_parent>0</wp:post_parent>
		<wp:menu_order>0</wp:menu_order>
		<wp:post_type><![CDATA[page]]></wp:post_type>
		<wp:post_password><![CDATA[]]></wp:post_password>
		<wp:is_sticky>0</wp:is_sticky>
		<wp:postmeta>
			<wp:meta_key><![CDATA[_wp_page_template]]></wp:meta_key>
			<wp:meta_value><![CDATA[default]]></wp:meta_value>
		</wp:postmeta>
	</item>
	<item>
		<title>Home</title>
		<link>http://codeless.co/folie/scroll-story/</link>
		<pubDate>Thu, 29 Jun 2017 20:02:52 +0000</pubDate>
		<dc:creator><![CDATA[admin]]></dc:creator>
		<guid isPermaLink="false">http://codeless.co/folie/scroll-story/?page_id=5</guid>
		<description></description>
		<content:encoded><![CDATA[[cl_slider fullheight="1" navigation="0" effect="slide" direction="vertical" speed="1000" mousewheel="1" anchor_labels="1" fullheight_responsive="1" responsive_plain_slider="0"][cl_slide animation="cinemagraphs1" add_scroll_svg="1" animation_slide="cinemagraphs_first"][cl_row row_type="container-fluid" fullheight="1" css_style="{'padding-top':'0px','padding-bottom':'0px'}_-_json" text_color="light-text" background_color="rgba(15,15,15,0.44)" background_image="{'uploading':'false','date':'1498844472000','filename':'1.jpg','menuOrder':'0','uploadedTo':'0','type':'image','subtype':'jpeg','url':'http%3A%2F%2Fcodeless.co%2Ffolie%2Fscroll-story%2Fwp-content%2Fuploads%2F2017%2F06%2F1.jpg','title':'1','caption':'','alt':'','description':'','id':'150','link':'http%3A%2F%2Fcodeless.co%2Ffolie%2Fscroll-story%2F%3Fattachment_id%3D150','author':'1','name':'1','status':'inherit','modified':'1498844472000','mime':'image%2Fjpeg','icon':'http%3A%2F%2Fcodeless.co%2Ffolie%2Fscroll-story%2Fwp-includes%2Fimages%2Fmedia%2Fdefault.png','dateFormatted':'June%2030%2C%202017','nonces':'%5Bobject%20Object%5D','editLink':'http%3A%2F%2Fcodeless.co%2Ffolie%2Fscroll-story%2Fwp-admin%2Fpost.php%3Fpost%3D150%26action%3Dedit','meta':'false','authorName':'admin','filesizeInBytes':'168396','filesizeHumanReadable':'164%20KB','height':'1066','width':'1600','orientation':'landscape','sizes':'%5Bobject%20Object%5D','compat':'%5Bobject%20Object%5D'}_-_json" animation_speed="1000" background_blend="overlay" background_position="center center" animation_delay="100" anchor_label="Intro" custom_width="1350"][cl_column css_style="{'padding-top':'0','padding-bottom':'0','padding-left':'30px','padding-right':'30px'}_-_json"][cl_custom_heading css_style="{'margin-top':'35px'}_-_json" animation="bottom-t-top" animation_delay="500" animation_speed="1000" custom_responsive_768_bool="1" custom_responsive_768_size="36px" custom_responsive_768_line_height="50px"]<p>It is not more bigness&nbsp;</p><p>that&nbsp;<span style="letter-spacing: 0px; display: inline !important;">should be our goal.</span></p>
[/cl_custom_heading][/cl_column][/cl_row][/cl_slide][cl_slide animation_slide="cinemagraphs_two"][cl_row row_type="container-fluid" fullheight="1" css_style="{'padding-top':'45px','padding-bottom':'45px'}_-_json" text_color="light-text" background_color="rgba(15,15,15,0.25)" background_image="{'uploading':'false','date':'1498845236000','filename':'2.jpg','menuOrder':'0','uploadedTo':'0','type':'image','subtype':'jpeg','url':'http%3A%2F%2Fcodeless.co%2Ffolie%2Fscroll-story%2Fwp-content%2Fuploads%2F2017%2F06%2F2.jpg','title':'2','caption':'','alt':'','description':'','id':'161','link':'http%3A%2F%2Fcodeless.co%2Ffolie%2Fscroll-story%2F%3Fattachment_id%3D161','author':'1','name':'2','status':'inherit','modified':'1498845236000','mime':'image%2Fjpeg','icon':'http%3A%2F%2Fcodeless.co%2Ffolie%2Fscroll-story%2Fwp-includes%2Fimages%2Fmedia%2Fdefault.png','dateFormatted':'June%2030%2C%202017','nonces':'%5Bobject%20Object%5D','editLink':'http%3A%2F%2Fcodeless.co%2Ffolie%2Fscroll-story%2Fwp-admin%2Fpost.php%3Fpost%3D161%26action%3Dedit','meta':'false','authorName':'admin','filesizeInBytes':'178777','filesizeHumanReadable':'175%20KB','height':'1067','width':'1600','orientation':'landscape','sizes':'%5Bobject%20Object%5D','compat':'%5Bobject%20Object%5D'}_-_json" overlay_color="#0a0909" overlay_opacity="0.35" background_blend="overlay" anchor_label="The Beginning"][cl_column css_style="{'padding-top':'0','padding-bottom':'0','padding-left':'30px','padding-right':'30px'}_-_json"][cl_custom_heading css_style="{'margin-top':'35px'}_-_json" animation="bottom-t-top" animation_delay="500" animation_speed="1000" custom_responsive_768_bool="1" custom_responsive_768_size="36px" custom_responsive_768_line_height="50px"]<p>We are a community.&nbsp;</p><p>Our individual Fates are linked<br></p>
[/cl_custom_heading][/cl_column][/cl_row][/cl_slide][cl_slide][cl_row row_type="container-fluid" fullheight="1" css_style="{'padding-top':'0px','padding-bottom':'0px'}_-_json" background_color="#ffffff" background_image="{'id':'33','title':'pexels-photo-compressed','filename':'pexels-photo-compressed.jpg','url':'http%3A%2F%2Fcodeless.co%2Ffolie%2Fscroll-story%2Fwp-content%2Fuploads%2F2017%2F06%2Fpexels-photo-compressed.jpg','link':'http%3A%2F%2Fcodeless.co%2Ffolie%2Fscroll-story%2F%3Fattachment_id%3D33','alt':'','author':'1','description':'','caption':'','name':'pexels-photo-compressed','status':'inherit','uploadedTo':'0','date':'Thu%20Jun%2029%202017%2022%3A19%3A44%20GMT%2B0200%20(W.%20Europe%20Daylight%20Time)','modified':'Thu%20Jun%2029%202017%2022%3A19%3A44%20GMT%2B0200%20(W.%20Europe%20Daylight%20Time)','menuOrder':'0','mime':'image%2Fjpeg','type':'image','subtype':'jpeg','icon':'http%3A%2F%2Fcodeless.co%2Ffolie%2Fscroll-story%2Fwp-includes%2Fimages%2Fmedia%2Fdefault.png','dateFormatted':'June%2029%2C%202017','nonces':'%5Bobject%20Object%5D','editLink':'http%3A%2F%2Fcodeless.co%2Ffolie%2Fscroll-story%2Fwp-admin%2Fpost.php%3Fpost%3D33%26action%3Dedit','meta':'false','authorName':'admin','filesizeInBytes':'130155','filesizeHumanReadable':'127%20KB','height':'1067','width':'1600','orientation':'landscape','sizes':'%5Bobject%20Object%5D','compat':'%5Bobject%20Object%5D'}_-_json" overlay_color="#0a0909" overlay_opacity="0.35" background_blend="screen" anchor_label="Our Community"][cl_column css_style="{'padding-top':'0','padding-bottom':'0','padding-left':'20px','padding-right':'20px'}_-_json" horizontal_align="middle"][cl_custom_heading css_style="{'margin-top':'35px'}_-_json" animation="bottom-t-top" animation_delay="500" animation_speed="1000" custom_responsive_768_bool="1" custom_responsive_768_line_height="38px" custom_responsive_768_size="26px"]<p style="text-align: center;">We are a community.&nbsp;</p>
<p style="text-align: center;">Our individual Fates are linked</p>
[/cl_custom_heading][cl_text custom_typography="1" text_font_size="18" text_color="rgba(0,0,0,0.36)" css_style="{'margin-top':'35px'}_-_json" animation="bottom-t-top" animation_delay="700" animation_speed="1000" custom_responsive_992_size="11px" custom_responsive_992_line_height="18px" custom_responsive_768_size="14px" custom_responsive_768_line_height="20px" custom_responsive_992_bool="1"]<p>Properly speaking, global thinking is not possible… Look at one of those photographs of half the earth taken</p>
<p>&nbsp;from outer space, and see if you recognize your neighborhood.</p>
[/cl_text][/cl_column][/cl_row][/cl_slide][cl_slide add_scroll_svg="1"][cl_row row_type="container-fluid" fullheight="1" css_style="{'padding-top':'0px','padding-bottom':'0px'}_-_json" text_color="light-text" background_color="#1d78c6" background_image="{}_-_json" overlay_color="#0a0909" overlay_opacity="0.35" custom_width_bool="1" anchor_label="History"][cl_column css_style="{'padding-top':'0','padding-bottom':'0','padding-left':'20px','padding-right':'20px'}_-_json"][cl_custom_heading css_style="{'margin-top':'35px'}_-_json" animation="bottom-t-top" animation_delay="500" animation_speed="1000" custom_responsive_992_bool="1" custom_responsive_768_bool="1" custom_responsive_992_size="36px" custom_responsive_992_line_height="50px" custom_responsive_768_size="28px" custom_responsive_768_line_height="36px"]<p style="text-align: center;">"We become human only in the company of other human beings.  And this involves both opening our hearts and giving voice to our deepest convictions. ..."</p>
[/cl_custom_heading][/cl_column][/cl_row][/cl_slide][cl_slide animation_slide="cinemagraphs_two"][cl_row row_type="container-fluid" fullheight="1" css_style="{'padding-top':'0px','padding-bottom':'0px'}_-_json" text_color="light-text" background_color="rgba(10,10,10,0.26)" background_image="{'uploading':'false','date':'1498843644000','filename':'6.jpg','menuOrder':'0','uploadedTo':'0','type':'image','subtype':'jpeg','url':'http%3A%2F%2Fcodeless.co%2Ffolie%2Fscroll-story%2Fwp-content%2Fuploads%2F2017%2F06%2F6.jpg','title':'6','caption':'','alt':'','description':'','id':'137','link':'http%3A%2F%2Fcodeless.co%2Ffolie%2Fscroll-story%2F%3Fattachment_id%3D137','author':'1','name':'6','status':'inherit','modified':'1498843644000','mime':'image%2Fjpeg','icon':'http%3A%2F%2Fcodeless.co%2Ffolie%2Fscroll-story%2Fwp-includes%2Fimages%2Fmedia%2Fdefault.png','dateFormatted':'June%2030%2C%202017','nonces':'%5Bobject%20Object%5D','editLink':'http%3A%2F%2Fcodeless.co%2Ffolie%2Fscroll-story%2Fwp-admin%2Fpost.php%3Fpost%3D137%26action%3Dedit','meta':'false','authorName':'admin','filesizeInBytes':'315137','filesizeHumanReadable':'308%20KB','height':'700','width':'1200','orientation':'landscape','sizes':'%5Bobject%20Object%5D','compat':'%5Bobject%20Object%5D'}_-_json" overlay_color="#0a0909" overlay_opacity="0.35" background_blend="overlay" anchor_label="Philosophy"][cl_column css_style="{'padding-top':'0px','padding-bottom':'0px','padding-left':'30px','padding-right':'30px'}_-_json"][cl_custom_heading css_style="{'margin-top':'80px'}_-_json" animation="bottom-t-top" animation_delay="500" animation_speed="1000" custom_responsive_992_bool="1" custom_responsive_768_bool="1" custom_responsive_992_size="36px" custom_responsive_992_line_height="50px" custom_responsive_768_size="36px" custom_responsive_768_line_height="50px"]<p>No man is an island,&nbsp;</p><p>entire of itself. &nbsp; &nbsp;&nbsp;<br></p>
[/cl_custom_heading][/cl_column][/cl_row][/cl_slide][cl_slide add_scroll_svg="1"][cl_row row_type="container-fluid" fullheight="1" css_style="{'padding-top':'0px','padding-bottom':'0px'}_-_json" text_color="light-text" background_color="#0a0a0a" background_image="{}_-_json" overlay_color="#0a0909" overlay_opacity="1" anchor_label="My Prediction"][cl_column css_style="{'padding-top':'0px','padding-bottom':'0px','padding-left':'30px','padding-right':'30px'}_-_json"][cl_custom_heading css_style="{'margin-top':'80px'}_-_json" animation="bottom-t-top" animation_delay="500" animation_speed="1000" custom_responsive_992_bool="1" custom_responsive_768_bool="1" custom_responsive_768_line_height="38px" custom_responsive_992_size="36px" custom_responsive_992_line_height="50px" custom_responsive_768_size="26px"]<p style="text-align: center;">I know there is strength in the&nbsp;</p><p style="text-align: center;">differences between us. I know there is&nbsp;</p><p style="text-align: center;">comfort, where we overlap.<br></p>
[/cl_custom_heading][/cl_column][/cl_row][/cl_slide][cl_slide animation_slide="cinemagraphs_two"][cl_row row_type="container-fluid" fullheight="1" css_style="{'padding-top':'0px','padding-bottom':'0px'}_-_json" text_color="light-text" background_color="rgba(10,10,10,0.29)" background_image="{'uploading':'false','date':'1498843229000','filename':'3.jpg','menuOrder':'0','uploadedTo':'0','type':'image','subtype':'jpeg','url':'http%3A%2F%2Fcodeless.co%2Ffolie%2Fscroll-story%2Fwp-content%2Fuploads%2F2017%2F06%2F3.jpg','title':'3','caption':'','alt':'','description':'','id':'124','link':'http%3A%2F%2Fcodeless.co%2Ffolie%2Fscroll-story%2F%3Fattachment_id%3D124','author':'1','name':'3','status':'inherit','modified':'1498843229000','mime':'image%2Fjpeg','icon':'http%3A%2F%2Fcodeless.co%2Ffolie%2Fscroll-story%2Fwp-includes%2Fimages%2Fmedia%2Fdefault.png','dateFormatted':'June%2030%2C%202017','nonces':'%5Bobject%20Object%5D','editLink':'http%3A%2F%2Fcodeless.co%2Ffolie%2Fscroll-story%2Fwp-admin%2Fpost.php%3Fpost%3D124%26action%3Dedit','meta':'false','authorName':'admin','filesizeInBytes':'159947','filesizeHumanReadable':'156%20KB','height':'1067','width':'1600','orientation':'landscape','sizes':'%5Bobject%20Object%5D','compat':'%5Bobject%20Object%5D'}_-_json" overlay_color="#0a0909" overlay_opacity="0.35" background_blend="overlay" anchor_label="What's Next"][cl_column css_style="{'padding-top':'0px','padding-bottom':'0px','padding-left':'30px','padding-right':'30px'}_-_json"][cl_custom_heading css_style="{'margin-top':'80px'}_-_json" animation="bottom-t-top" animation_delay="500" animation_speed="1000" custom_responsive_992_bool="1" custom_responsive_768_bool="1" custom_responsive_992_size="36px" custom_responsive_992_line_height="50px" custom_responsive_768_size="36px" custom_responsive_768_line_height="50px"]<p>Community is a sign&nbsp;</p><p>that love is possible&nbsp;<span style="letter-spacing: 0px; display: inline !important;">in a&nbsp;</span></p><p><span style="letter-spacing: 0px; display: inline !important;">materialistic world</span></p>
[/cl_custom_heading][/cl_column][/cl_row][/cl_slide][cl_slide][cl_row row_type="container-fluid" fullheight="1" css_style="{'padding-top':'0px','padding-bottom':'0px'}_-_json" text_color="light-text" background_color="#0a0a0a" background_image="{}_-_json" overlay_color="#0a0909" overlay_opacity="1" anchor_label="The End"][cl_column css_style="{'padding-top':'0px','padding-bottom':'0px','padding-left':'30px','padding-right':'30px'}_-_json" horizontal_align="middle"][cl_custom_heading css_style="{'margin-top':'80px'}_-_json" animation="bottom-t-top" animation_delay="500" animation_speed="1000" custom_responsive_992_bool="1" custom_responsive_768_bool="1" custom_responsive_768_size="36px" custom_responsive_768_line_height="50px" custom_responsive_992_line_height="50px"]<p style="text-align: center;">Hey, tell your story with Folie!</p>
[/cl_custom_heading][cl_button btn_title="<p>Purchase Now</p>
" overwrite_style="1" button_style="material_circular" button_bg_color="#ffffff" button_bg_color_hover="#ffffff" button_font_color="#303133" button_font_color_hover="#1c1c1c" button_border_color="" link="http://codeless.co/folie/join.php" css_style="{'margin-top':'35px'}_-_json" animation="bottom-t-top" animation_delay="600" animation_speed="600"][/cl_column][/cl_row][/cl_slide][/cl_slider]]]></content:encoded>
		<excerpt:encoded><![CDATA[]]></excerpt:encoded>
		<wp:post_id>5</wp:post_id>
		<wp:post_date><![CDATA[2017-06-29 20:02:52]]></wp:post_date>
		<wp:post_date_gmt><![CDATA[2017-06-29 20:02:52]]></wp:post_date_gmt>
		<wp:comment_status><![CDATA[closed]]></wp:comment_status>
		<wp:ping_status><![CDATA[closed]]></wp:ping_status>
		<wp:post_name><![CDATA[home]]></wp:post_name>
		<wp:status><![CDATA[publish]]></wp:status>
		<wp:post_parent>0</wp:post_parent>
		<wp:menu_order>0</wp:menu_order>
		<wp:post_type><![CDATA[page]]></wp:post_type>
		<wp:post_password><![CDATA[]]></wp:post_password>
		<wp:is_sticky>0</wp:is_sticky>
		<wp:postmeta>
			<wp:meta_key><![CDATA[_snapshot_auto_draft]]></wp:meta_key>
			<wp:meta_value><![CDATA[1]]></wp:meta_value>
		</wp:postmeta>
		<wp:postmeta>
			<wp:meta_key><![CDATA[page_options_title]]></wp:meta_key>
			<wp:meta_value><![CDATA[]]></wp:meta_value>
		</wp:postmeta>
		<wp:postmeta>
			<wp:meta_key><![CDATA[page_layout]]></wp:meta_key>
			<wp:meta_value><![CDATA[]]></wp:meta_value>
		</wp:postmeta>
		<wp:postmeta>
			<wp:meta_key><![CDATA[layout_modern]]></wp:meta_key>
			<wp:meta_value><![CDATA[]]></wp:meta_value>
		</wp:postmeta>
		<wp:postmeta>
			<wp:meta_key><![CDATA[page_fullwidth_content]]></wp:meta_key>
			<wp:meta_value><![CDATA[]]></wp:meta_value>
		</wp:postmeta>
		<wp:postmeta>
			<wp:meta_key><![CDATA[page_bg_color]]></wp:meta_key>
			<wp:meta_value><![CDATA[]]></wp:meta_value>
		</wp:postmeta>
		<wp:postmeta>
			<wp:meta_key><![CDATA[transparent_header]]></wp:meta_key>
			<wp:meta_value><![CDATA[1]]></wp:meta_value>
		</wp:postmeta>
		<wp:postmeta>
			<wp:meta_key><![CDATA[header_color]]></wp:meta_key>
			<wp:meta_value><![CDATA[light]]></wp:meta_value>
		</wp:postmeta>
		<wp:postmeta>
			<wp:meta_key><![CDATA[one_page]]></wp:meta_key>
			<wp:meta_value><![CDATA[]]></wp:meta_value>
		</wp:postmeta>
		<wp:postmeta>
			<wp:meta_key><![CDATA[portfolio_option_divider]]></wp:meta_key>
			<wp:meta_value><![CDATA[]]></wp:meta_value>
		</wp:postmeta>
		<wp:postmeta>
			<wp:meta_key><![CDATA[portfolio_option_title]]></wp:meta_key>
			<wp:meta_value><![CDATA[]]></wp:meta_value>
		</wp:postmeta>
		<wp:postmeta>
			<wp:meta_key><![CDATA[portfolio_layout]]></wp:meta_key>
			<wp:meta_value><![CDATA[]]></wp:meta_value>
		</wp:postmeta>
		<wp:postmeta>
			<wp:meta_key><![CDATA[portfolio_columns]]></wp:meta_key>
			<wp:meta_value><![CDATA[]]></wp:meta_value>
		</wp:postmeta>
		<wp:postmeta>
			<wp:meta_key><![CDATA[portfolio_style]]></wp:meta_key>
			<wp:meta_value><![CDATA[]]></wp:meta_value>
		</wp:postmeta>
		<wp:postmeta>
			<wp:meta_key><![CDATA[portfolio_boxed]]></wp:meta_key>
			<wp:meta_value><![CDATA[]]></wp:meta_value>
		</wp:postmeta>
		<wp:postmeta>
			<wp:meta_key><![CDATA[portfolio_categories]]></wp:meta_key>
			<wp:meta_value><![CDATA[]]></wp:meta_value>
		</wp:postmeta>
		<wp:postmeta>
			<wp:meta_key><![CDATA[other_page_options_divider]]></wp:meta_key>
			<wp:meta_value><![CDATA[]]></wp:meta_value>
		</wp:postmeta>
		<wp:postmeta>
			<wp:meta_key><![CDATA[other_page_options_title]]></wp:meta_key>
			<wp:meta_value><![CDATA[]]></wp:meta_value>
		</wp:postmeta>
		<wp:postmeta>
			<wp:meta_key><![CDATA[_wp_page_template]]></wp:meta_key>
			<wp:meta_value><![CDATA[default]]></wp:meta_value>
		</wp:postmeta>
		<wp:postmeta>
			<wp:meta_key><![CDATA[_thumbnail_id]]></wp:meta_key>
			<wp:meta_value><![CDATA[]]></wp:meta_value>
		</wp:postmeta>
		<wp:postmeta>
			<wp:meta_key><![CDATA[_edit_last]]></wp:meta_key>
			<wp:meta_value><![CDATA[1]]></wp:meta_value>
		</wp:postmeta>
	</item>
	<item>
		<title>rsz_1</title>
		<link>http://codeless.co/folie/scroll-story/?attachment_id=6</link>
		<pubDate>Thu, 29 Jun 2017 20:01:26 +0000</pubDate>
		<dc:creator><![CDATA[admin]]></dc:creator>
		<guid isPermaLink="false">http://codeless.co/folie/scroll-story/wp-content/uploads/2017/06/rsz_1.jpg</guid>
		<description></description>
		<content:encoded><![CDATA[]]></content:encoded>
		<excerpt:encoded><![CDATA[]]></excerpt:encoded>
		<wp:post_id>6</wp:post_id>
		<wp:post_date><![CDATA[2017-06-29 20:01:26]]></wp:post_date>
		<wp:post_date_gmt><![CDATA[2017-06-29 20:01:26]]></wp:post_date_gmt>
		<wp:comment_status><![CDATA[open]]></wp:comment_status>
		<wp:ping_status><![CDATA[closed]]></wp:ping_status>
		<wp:post_name><![CDATA[rsz_1]]></wp:post_name>
		<wp:status><![CDATA[inherit]]></wp:status>
		<wp:post_parent>0</wp:post_parent>
		<wp:menu_order>0</wp:menu_order>
		<wp:post_type><![CDATA[attachment]]></wp:post_type>
		<wp:post_password><![CDATA[]]></wp:post_password>
		<wp:is_sticky>0</wp:is_sticky>
		<wp:attachment_url><![CDATA[http://codeless.co/folie/scroll-story/wp-content/uploads/2017/06/rsz_1.jpg]]></wp:attachment_url>
		<wp:postmeta>
			<wp:meta_key><![CDATA[_wp_attached_file]]></wp:meta_key>
			<wp:meta_value><![CDATA[2017/06/rsz_1.jpg]]></wp:meta_value>
		</wp:postmeta>
		<wp:postmeta>
			<wp:meta_key><![CDATA[_wp_attachment_metadata]]></wp:meta_key>
			<wp:meta_value><![CDATA[a:5:{s:5:"width";i:1600;s:6:"height";i:1067;s:4:"file";s:17:"2017/06/rsz_1.jpg";s:5:"sizes";a:4:{s:9:"thumbnail";a:4:{s:4:"file";s:17:"rsz_1-150x150.jpg";s:5:"width";i:150;s:6:"height";i:150;s:9:"mime-type";s:10:"image/jpeg";}s:6:"medium";a:4:{s:4:"file";s:17:"rsz_1-300x200.jpg";s:5:"width";i:300;s:6:"height";i:200;s:9:"mime-type";s:10:"image/jpeg";}s:12:"medium_large";a:4:{s:4:"file";s:17:"rsz_1-768x512.jpg";s:5:"width";i:768;s:6:"height";i:512;s:9:"mime-type";s:10:"image/jpeg";}s:5:"large";a:4:{s:4:"file";s:18:"rsz_1-1024x683.jpg";s:5:"width";i:1024;s:6:"height";i:683;s:9:"mime-type";s:10:"image/jpeg";}}s:10:"image_meta";a:12:{s:8:"aperture";s:3:"4.5";s:6:"credit";s:0:"";s:6:"camera";s:12:"Canon EOS 6D";s:7:"caption";s:0:"";s:17:"created_timestamp";s:10:"1374491131";s:9:"copyright";s:0:"";s:12:"focal_length";s:2:"80";s:3:"iso";s:3:"400";s:13:"shutter_speed";s:17:"0.066666666666667";s:5:"title";s:0:"";s:11:"orientation";s:1:"1";s:8:"keywords";a:0:{}}}]]></wp:meta_value>
		</wp:postmeta>
	</item>
	<item>
		<title>pexels-photo-compressed</title>
		<link>http://codeless.co/folie/scroll-story/?attachment_id=33</link>
		<pubDate>Thu, 29 Jun 2017 20:19:44 +0000</pubDate>
		<dc:creator><![CDATA[admin]]></dc:creator>
		<guid isPermaLink="false">http://codeless.co/folie/scroll-story/wp-content/uploads/2017/06/pexels-photo-compressed.jpg</guid>
		<description></description>
		<content:encoded><![CDATA[]]></content:encoded>
		<excerpt:encoded><![CDATA[]]></excerpt:encoded>
		<wp:post_id>33</wp:post_id>
		<wp:post_date><![CDATA[2017-06-29 20:19:44]]></wp:post_date>
		<wp:post_date_gmt><![CDATA[2017-06-29 20:19:44]]></wp:post_date_gmt>
		<wp:comment_status><![CDATA[open]]></wp:comment_status>
		<wp:ping_status><![CDATA[closed]]></wp:ping_status>
		<wp:post_name><![CDATA[pexels-photo-compressed]]></wp:post_name>
		<wp:status><![CDATA[inherit]]></wp:status>
		<wp:post_parent>0</wp:post_parent>
		<wp:menu_order>0</wp:menu_order>
		<wp:post_type><![CDATA[attachment]]></wp:post_type>
		<wp:post_password><![CDATA[]]></wp:post_password>
		<wp:is_sticky>0</wp:is_sticky>
		<wp:attachment_url><![CDATA[http://codeless.co/folie/scroll-story/wp-content/uploads/2017/06/pexels-photo-compressed.jpg]]></wp:attachment_url>
		<wp:postmeta>
			<wp:meta_key><![CDATA[_wp_attached_file]]></wp:meta_key>
			<wp:meta_value><![CDATA[2017/06/pexels-photo-compressed.jpg]]></wp:meta_value>
		</wp:postmeta>
		<wp:postmeta>
			<wp:meta_key><![CDATA[_wp_attachment_metadata]]></wp:meta_key>
			<wp:meta_value><![CDATA[a:5:{s:5:"width";i:1600;s:6:"height";i:1067;s:4:"file";s:35:"2017/06/pexels-photo-compressed.jpg";s:5:"sizes";a:4:{s:9:"thumbnail";a:4:{s:4:"file";s:35:"pexels-photo-compressed-150x150.jpg";s:5:"width";i:150;s:6:"height";i:150;s:9:"mime-type";s:10:"image/jpeg";}s:6:"medium";a:4:{s:4:"file";s:35:"pexels-photo-compressed-300x200.jpg";s:5:"width";i:300;s:6:"height";i:200;s:9:"mime-type";s:10:"image/jpeg";}s:12:"medium_large";a:4:{s:4:"file";s:35:"pexels-photo-compressed-768x512.jpg";s:5:"width";i:768;s:6:"height";i:512;s:9:"mime-type";s:10:"image/jpeg";}s:5:"large";a:4:{s:4:"file";s:36:"pexels-photo-compressed-1024x683.jpg";s:5:"width";i:1024;s:6:"height";i:683;s:9:"mime-type";s:10:"image/jpeg";}}s:10:"image_meta";a:12:{s:8:"aperture";s:1:"0";s:6:"credit";s:0:"";s:6:"camera";s:0:"";s:7:"caption";s:0:"";s:17:"created_timestamp";s:1:"0";s:9:"copyright";s:0:"";s:12:"focal_length";s:1:"0";s:3:"iso";s:1:"0";s:13:"shutter_speed";s:1:"0";s:5:"title";s:0:"";s:11:"orientation";s:1:"0";s:8:"keywords";a:0:{}}}]]></wp:meta_value>
		</wp:postmeta>
	</item>
	<item>
		<title>home23</title>
		<link>http://codeless.co/folie/scroll-story/?attachment_id=110</link>
		<pubDate>Fri, 30 Jun 2017 16:45:37 +0000</pubDate>
		<dc:creator><![CDATA[admin]]></dc:creator>
		<guid isPermaLink="false">http://codeless.co/folie/scroll-story/wp-content/uploads/2017/06/home23.jpg</guid>
		<description></description>
		<content:encoded><![CDATA[]]></content:encoded>
		<excerpt:encoded><![CDATA[]]></excerpt:encoded>
		<wp:post_id>110</wp:post_id>
		<wp:post_date><![CDATA[2017-06-30 16:45:37]]></wp:post_date>
		<wp:post_date_gmt><![CDATA[2017-06-30 16:45:37]]></wp:post_date_gmt>
		<wp:comment_status><![CDATA[open]]></wp:comment_status>
		<wp:ping_status><![CDATA[closed]]></wp:ping_status>
		<wp:post_name><![CDATA[home23]]></wp:post_name>
		<wp:status><![CDATA[inherit]]></wp:status>
		<wp:post_parent>0</wp:post_parent>
		<wp:menu_order>0</wp:menu_order>
		<wp:post_type><![CDATA[attachment]]></wp:post_type>
		<wp:post_password><![CDATA[]]></wp:post_password>
		<wp:is_sticky>0</wp:is_sticky>
		<wp:attachment_url><![CDATA[http://codeless.co/folie/scroll-story/wp-content/uploads/2017/06/home23.jpg]]></wp:attachment_url>
		<wp:postmeta>
			<wp:meta_key><![CDATA[_wp_attached_file]]></wp:meta_key>
			<wp:meta_value><![CDATA[2017/06/home23.jpg]]></wp:meta_value>
		</wp:postmeta>
		<wp:postmeta>
			<wp:meta_key><![CDATA[_wp_attachment_metadata]]></wp:meta_key>
			<wp:meta_value><![CDATA[a:5:{s:5:"width";i:1600;s:6:"height";i:1067;s:4:"file";s:18:"2017/06/home23.jpg";s:5:"sizes";a:4:{s:9:"thumbnail";a:4:{s:4:"file";s:18:"home23-150x150.jpg";s:5:"width";i:150;s:6:"height";i:150;s:9:"mime-type";s:10:"image/jpeg";}s:6:"medium";a:4:{s:4:"file";s:18:"home23-300x200.jpg";s:5:"width";i:300;s:6:"height";i:200;s:9:"mime-type";s:10:"image/jpeg";}s:12:"medium_large";a:4:{s:4:"file";s:18:"home23-768x512.jpg";s:5:"width";i:768;s:6:"height";i:512;s:9:"mime-type";s:10:"image/jpeg";}s:5:"large";a:4:{s:4:"file";s:19:"home23-1024x683.jpg";s:5:"width";i:1024;s:6:"height";i:683;s:9:"mime-type";s:10:"image/jpeg";}}s:10:"image_meta";a:12:{s:8:"aperture";s:1:"0";s:6:"credit";s:0:"";s:6:"camera";s:0:"";s:7:"caption";s:0:"";s:17:"created_timestamp";s:1:"0";s:9:"copyright";s:0:"";s:12:"focal_length";s:1:"0";s:3:"iso";s:1:"0";s:13:"shutter_speed";s:1:"0";s:5:"title";s:0:"";s:11:"orientation";s:1:"0";s:8:"keywords";a:0:{}}}]]></wp:meta_value>
		</wp:postmeta>
	</item>
	<item>
		<title>3</title>
		<link>http://codeless.co/folie/scroll-story/?attachment_id=124</link>
		<pubDate>Fri, 30 Jun 2017 17:20:29 +0000</pubDate>
		<dc:creator><![CDATA[admin]]></dc:creator>
		<guid isPermaLink="false">http://codeless.co/folie/scroll-story/wp-content/uploads/2017/06/3.jpg</guid>
		<description></description>
		<content:encoded><![CDATA[]]></content:encoded>
		<excerpt:encoded><![CDATA[]]></excerpt:encoded>
		<wp:post_id>124</wp:post_id>
		<wp:post_date><![CDATA[2017-06-30 17:20:29]]></wp:post_date>
		<wp:post_date_gmt><![CDATA[2017-06-30 17:20:29]]></wp:post_date_gmt>
		<wp:comment_status><![CDATA[open]]></wp:comment_status>
		<wp:ping_status><![CDATA[closed]]></wp:ping_status>
		<wp:post_name><![CDATA[3]]></wp:post_name>
		<wp:status><![CDATA[inherit]]></wp:status>
		<wp:post_parent>0</wp:post_parent>
		<wp:menu_order>0</wp:menu_order>
		<wp:post_type><![CDATA[attachment]]></wp:post_type>
		<wp:post_password><![CDATA[]]></wp:post_password>
		<wp:is_sticky>0</wp:is_sticky>
		<wp:attachment_url><![CDATA[http://codeless.co/folie/scroll-story/wp-content/uploads/2017/06/3.jpg]]></wp:attachment_url>
		<wp:postmeta>
			<wp:meta_key><![CDATA[_wp_attached_file]]></wp:meta_key>
			<wp:meta_value><![CDATA[2017/06/3.jpg]]></wp:meta_value>
		</wp:postmeta>
		<wp:postmeta>
			<wp:meta_key><![CDATA[_wp_attachment_metadata]]></wp:meta_key>
			<wp:meta_value><![CDATA[a:5:{s:5:"width";i:1600;s:6:"height";i:1067;s:4:"file";s:13:"2017/06/3.jpg";s:5:"sizes";a:4:{s:9:"thumbnail";a:4:{s:4:"file";s:13:"3-150x150.jpg";s:5:"width";i:150;s:6:"height";i:150;s:9:"mime-type";s:10:"image/jpeg";}s:6:"medium";a:4:{s:4:"file";s:13:"3-300x200.jpg";s:5:"width";i:300;s:6:"height";i:200;s:9:"mime-type";s:10:"image/jpeg";}s:12:"medium_large";a:4:{s:4:"file";s:13:"3-768x512.jpg";s:5:"width";i:768;s:6:"height";i:512;s:9:"mime-type";s:10:"image/jpeg";}s:5:"large";a:4:{s:4:"file";s:14:"3-1024x683.jpg";s:5:"width";i:1024;s:6:"height";i:683;s:9:"mime-type";s:10:"image/jpeg";}}s:10:"image_meta";a:12:{s:8:"aperture";s:1:"0";s:6:"credit";s:0:"";s:6:"camera";s:0:"";s:7:"caption";s:0:"";s:17:"created_timestamp";s:1:"0";s:9:"copyright";s:0:"";s:12:"focal_length";s:1:"0";s:3:"iso";s:1:"0";s:13:"shutter_speed";s:1:"0";s:5:"title";s:0:"";s:11:"orientation";s:1:"0";s:8:"keywords";a:0:{}}}]]></wp:meta_value>
		</wp:postmeta>
	</item>
	<item>
		<title>6</title>
		<link>http://codeless.co/folie/scroll-story/?attachment_id=137</link>
		<pubDate>Fri, 30 Jun 2017 17:27:24 +0000</pubDate>
		<dc:creator><![CDATA[admin]]></dc:creator>
		<guid isPermaLink="false">http://codeless.co/folie/scroll-story/wp-content/uploads/2017/06/6.jpg</guid>
		<description></description>
		<content:encoded><![CDATA[]]></content:encoded>
		<excerpt:encoded><![CDATA[]]></excerpt:encoded>
		<wp:post_id>137</wp:post_id>
		<wp:post_date><![CDATA[2017-06-30 17:27:24]]></wp:post_date>
		<wp:post_date_gmt><![CDATA[2017-06-30 17:27:24]]></wp:post_date_gmt>
		<wp:comment_status><![CDATA[open]]></wp:comment_status>
		<wp:ping_status><![CDATA[closed]]></wp:ping_status>
		<wp:post_name><![CDATA[6]]></wp:post_name>
		<wp:status><![CDATA[inherit]]></wp:status>
		<wp:post_parent>0</wp:post_parent>
		<wp:menu_order>0</wp:menu_order>
		<wp:post_type><![CDATA[attachment]]></wp:post_type>
		<wp:post_password><![CDATA[]]></wp:post_password>
		<wp:is_sticky>0</wp:is_sticky>
		<wp:attachment_url><![CDATA[http://codeless.co/folie/scroll-story/wp-content/uploads/2017/06/6.jpg]]></wp:attachment_url>
		<wp:postmeta>
			<wp:meta_key><![CDATA[_wp_attached_file]]></wp:meta_key>
			<wp:meta_value><![CDATA[2017/06/6.jpg]]></wp:meta_value>
		</wp:postmeta>
		<wp:postmeta>
			<wp:meta_key><![CDATA[_wp_attachment_metadata]]></wp:meta_key>
			<wp:meta_value><![CDATA[a:5:{s:5:"width";i:1200;s:6:"height";i:700;s:4:"file";s:13:"2017/06/6.jpg";s:5:"sizes";a:4:{s:9:"thumbnail";a:4:{s:4:"file";s:13:"6-150x150.jpg";s:5:"width";i:150;s:6:"height";i:150;s:9:"mime-type";s:10:"image/jpeg";}s:6:"medium";a:4:{s:4:"file";s:13:"6-300x175.jpg";s:5:"width";i:300;s:6:"height";i:175;s:9:"mime-type";s:10:"image/jpeg";}s:12:"medium_large";a:4:{s:4:"file";s:13:"6-768x448.jpg";s:5:"width";i:768;s:6:"height";i:448;s:9:"mime-type";s:10:"image/jpeg";}s:5:"large";a:4:{s:4:"file";s:14:"6-1024x597.jpg";s:5:"width";i:1024;s:6:"height";i:597;s:9:"mime-type";s:10:"image/jpeg";}}s:10:"image_meta";a:12:{s:8:"aperture";s:1:"0";s:6:"credit";s:0:"";s:6:"camera";s:0:"";s:7:"caption";s:0:"";s:17:"created_timestamp";s:1:"0";s:9:"copyright";s:0:"";s:12:"focal_length";s:1:"0";s:3:"iso";s:1:"0";s:13:"shutter_speed";s:1:"0";s:5:"title";s:0:"";s:11:"orientation";s:1:"0";s:8:"keywords";a:0:{}}}]]></wp:meta_value>
		</wp:postmeta>
	</item>
	<item>
		<title>1</title>
		<link>http://codeless.co/folie/scroll-story/?attachment_id=150</link>
		<pubDate>Fri, 30 Jun 2017 17:41:12 +0000</pubDate>
		<dc:creator><![CDATA[admin]]></dc:creator>
		<guid isPermaLink="false">http://codeless.co/folie/scroll-story/wp-content/uploads/2017/06/1.jpg</guid>
		<description></description>
		<content:encoded><![CDATA[]]></content:encoded>
		<excerpt:encoded><![CDATA[]]></excerpt:encoded>
		<wp:post_id>150</wp:post_id>
		<wp:post_date><![CDATA[2017-06-30 17:41:12]]></wp:post_date>
		<wp:post_date_gmt><![CDATA[2017-06-30 17:41:12]]></wp:post_date_gmt>
		<wp:comment_status><![CDATA[open]]></wp:comment_status>
		<wp:ping_status><![CDATA[closed]]></wp:ping_status>
		<wp:post_name><![CDATA[1]]></wp:post_name>
		<wp:status><![CDATA[inherit]]></wp:status>
		<wp:post_parent>0</wp:post_parent>
		<wp:menu_order>0</wp:menu_order>
		<wp:post_type><![CDATA[attachment]]></wp:post_type>
		<wp:post_password><![CDATA[]]></wp:post_password>
		<wp:is_sticky>0</wp:is_sticky>
		<wp:attachment_url><![CDATA[http://codeless.co/folie/scroll-story/wp-content/uploads/2017/06/1.jpg]]></wp:attachment_url>
		<wp:postmeta>
			<wp:meta_key><![CDATA[_wp_attached_file]]></wp:meta_key>
			<wp:meta_value><![CDATA[2017/06/1.jpg]]></wp:meta_value>
		</wp:postmeta>
		<wp:postmeta>
			<wp:meta_key><![CDATA[_wp_attachment_metadata]]></wp:meta_key>
			<wp:meta_value><![CDATA[a:5:{s:5:"width";i:1600;s:6:"height";i:1066;s:4:"file";s:13:"2017/06/1.jpg";s:5:"sizes";a:4:{s:9:"thumbnail";a:4:{s:4:"file";s:13:"1-150x150.jpg";s:5:"width";i:150;s:6:"height";i:150;s:9:"mime-type";s:10:"image/jpeg";}s:6:"medium";a:4:{s:4:"file";s:13:"1-300x200.jpg";s:5:"width";i:300;s:6:"height";i:200;s:9:"mime-type";s:10:"image/jpeg";}s:12:"medium_large";a:4:{s:4:"file";s:13:"1-768x512.jpg";s:5:"width";i:768;s:6:"height";i:512;s:9:"mime-type";s:10:"image/jpeg";}s:5:"large";a:4:{s:4:"file";s:14:"1-1024x682.jpg";s:5:"width";i:1024;s:6:"height";i:682;s:9:"mime-type";s:10:"image/jpeg";}}s:10:"image_meta";a:12:{s:8:"aperture";s:1:"0";s:6:"credit";s:0:"";s:6:"camera";s:0:"";s:7:"caption";s:0:"";s:17:"created_timestamp";s:1:"0";s:9:"copyright";s:0:"";s:12:"focal_length";s:1:"0";s:3:"iso";s:1:"0";s:13:"shutter_speed";s:1:"0";s:5:"title";s:0:"";s:11:"orientation";s:1:"0";s:8:"keywords";a:0:{}}}]]></wp:meta_value>
		</wp:postmeta>
	</item>
	<item>
		<title>2</title>
		<link>http://codeless.co/folie/scroll-story/?attachment_id=161</link>
		<pubDate>Fri, 30 Jun 2017 17:53:56 +0000</pubDate>
		<dc:creator><![CDATA[admin]]></dc:creator>
		<guid isPermaLink="false">http://codeless.co/folie/scroll-story/wp-content/uploads/2017/06/2.jpg</guid>
		<description></description>
		<content:encoded><![CDATA[]]></content:encoded>
		<excerpt:encoded><![CDATA[]]></excerpt:encoded>
		<wp:post_id>161</wp:post_id>
		<wp:post_date><![CDATA[2017-06-30 17:53:56]]></wp:post_date>
		<wp:post_date_gmt><![CDATA[2017-06-30 17:53:56]]></wp:post_date_gmt>
		<wp:comment_status><![CDATA[open]]></wp:comment_status>
		<wp:ping_status><![CDATA[closed]]></wp:ping_status>
		<wp:post_name><![CDATA[2]]></wp:post_name>
		<wp:status><![CDATA[inherit]]></wp:status>
		<wp:post_parent>0</wp:post_parent>
		<wp:menu_order>0</wp:menu_order>
		<wp:post_type><![CDATA[attachment]]></wp:post_type>
		<wp:post_password><![CDATA[]]></wp:post_password>
		<wp:is_sticky>0</wp:is_sticky>
		<wp:attachment_url><![CDATA[http://codeless.co/folie/scroll-story/wp-content/uploads/2017/06/2.jpg]]></wp:attachment_url>
		<wp:postmeta>
			<wp:meta_key><![CDATA[_wp_attached_file]]></wp:meta_key>
			<wp:meta_value><![CDATA[2017/06/2.jpg]]></wp:meta_value>
		</wp:postmeta>
		<wp:postmeta>
			<wp:meta_key><![CDATA[_wp_attachment_metadata]]></wp:meta_key>
			<wp:meta_value><![CDATA[a:5:{s:5:"width";i:1600;s:6:"height";i:1067;s:4:"file";s:13:"2017/06/2.jpg";s:5:"sizes";a:4:{s:9:"thumbnail";a:4:{s:4:"file";s:13:"2-150x150.jpg";s:5:"width";i:150;s:6:"height";i:150;s:9:"mime-type";s:10:"image/jpeg";}s:6:"medium";a:4:{s:4:"file";s:13:"2-300x200.jpg";s:5:"width";i:300;s:6:"height";i:200;s:9:"mime-type";s:10:"image/jpeg";}s:12:"medium_large";a:4:{s:4:"file";s:13:"2-768x512.jpg";s:5:"width";i:768;s:6:"height";i:512;s:9:"mime-type";s:10:"image/jpeg";}s:5:"large";a:4:{s:4:"file";s:14:"2-1024x683.jpg";s:5:"width";i:1024;s:6:"height";i:683;s:9:"mime-type";s:10:"image/jpeg";}}s:10:"image_meta";a:12:{s:8:"aperture";s:1:"0";s:6:"credit";s:0:"";s:6:"camera";s:0:"";s:7:"caption";s:0:"";s:17:"created_timestamp";s:1:"0";s:9:"copyright";s:0:"";s:12:"focal_length";s:1:"0";s:3:"iso";s:1:"0";s:13:"shutter_speed";s:1:"0";s:5:"title";s:0:"";s:11:"orientation";s:1:"0";s:8:"keywords";a:0:{}}}]]></wp:meta_value>
		</wp:postmeta>
	</item>
</channel>
</rss>
